0;1014.9517 -1087.324601
1;1034.528399 -1072.052997
2;1041.422501 -1066.148001
3;1034.382999 -1069.231403
4;1036.331901 -1069.289601
5;1040.084401 -1070.714903
6;1015.242501 -1079.645199
7;1025.3364 -1080.372399
8;993.77499 -1070.627701
9;1013.148101 -1083.077699
10;1032.4049 -1007.65036
11;1016.813301 -1048.956501
12;998.74918 -1078.2489
13;998.92371 -1062.162799
14;1005.41052 -1088.255501
15;997.46927 -1061.115599
16;1008.61029 -1079.819697
17;1009.1048 -1075.805497
18;1010.9044 -1085.484803
19;1009.51204 -1039.822599
20;1004.45059 -1085.550201
21;1252.607012 -1023.5329
22;985.7464999 -1048.374701
23;993.1350403 -1009.16298
24;1005.32325 -1064.199001
25;1013.933501 -1029.612401
26;1068.416899 -1037.524599
27;999.127335 -1066.991597
28;1003.6361 -1072.082102
29;994.9094601 -1075.572801
30;972.7728993 -1048.869199
31;992.1460196 -1063.995397
32;989.5280004 -1075.630897
33;1004.77057 -1069.027799
34;985.0774005 -1074.758297
35;989.7026002 -1065.333498
36;971.0857004 -1048.956501
37;1010.6756 -1080.692399
38;1010.7338 -1055.2688
39;1011.5483 -1063.326401
40;1002.18166 -1010.7629
41;1290.510011 -961.1373007
42;702.0430088 -974.9835998
43;1007.82489 -1088.8421
44;1023.0965 -984.5538005
45;833.6120009 -1052.330798
46;738.22999 -1106.755996
47;890.7709956 -1029.9615
48;898.1250048 -939.6552026
49;880.298996 -912.6753986
50;1241.786003 -939.0007019
51;1267.093992 -952.0615995
52;877.5650024 -964.6862
53;870.5839992 -1008.20305
54;1008.34849 -1091.309798
55;877.797997 -1021.816599
56;1305.025005 -935.6554985
57;865.4060006 -979.0270001
58;879.9499989 -942.6949978
59;852.6360035 -1058.730298
60;859.879005 -1045.0295
61;880.764997 -904.3268979
62;871.2239981 -1070.9185
63;1047.996601 -1074.292898
64;1077.492601 -1070.074999
65;1254.38199 -970.5330014
66;1252.907991 -934.1428995
67;1202.399993 -944.2658007
68;1263.836002 -940.7751977
69;1088.139099 -1045.378599
70;1279.253006 -983.5648
71;1200.567007 -1008.55211
72;1228.404999 -978.3288002
73;1203.476 -1069.900399
74;1197.687995 -1040.462601
75;1212.056994 -1054.686999
76;1054.541498 -1052.447098
77;1309.709001 -969.0203995
78;1311.658001 -968.5259014
79;738.8989925 -969.3695009
80;1243.53199 -969.0203995
81;1253.393006 -973.0347008
82;1199.317002 -1038.979
83;1127.175999 -1033.3067
84;1201.004004 -984.7284004
85;1218.893003 -985.4555994
86;1186.168003 -989.2953001
87;1246.905994 -944.1495001
88;1021.3526 -1072.954297
89;1227.677989 -1058.613998
90;1238.965011 -1061.522901
91;1236.375999 -1060.708398
92;1225.379992 -1061.3774
93;1221.539998 -1065.478897
94;1202.544999 -1010.3556
95;1177.499998 -1005.43961
96;1192.568004 -1002.58891
97;1100.443995 -964.5989001
98;1291.324997 -999.040069
99;1256.94201 -983.5356995
100;1293.098998 -949.298197
101;1301.127005 -924.1073012
102;1297.345996 -919.9476004
103;1306.013989 -933.910203
104;1267.908001 -950.839901
105;1306.508994 -929.6341002
106;1211.213994 -1025.3364
107;1181.252003 -1002.25438
108;1049.131 -954.1851014
109;1054.105198 -968.729499
110;1139.365005 -1012.1009
111;1175.434995 -1023.998301
112;1171.595001 -1014.195301
113;1094.887698 -1042.702401
114;1096.574903 -1044.0696
115;999.680023 -1089.273602
116;996.0439201 -1093.113297
117;846.8469977 -1072.925699
118;724.3540049 -1037.233701
119;727.7580023 -1033.801201
120;798.9959955 -1062.977302
121;793.3530092 -1059.224802
122;786.4010096 -1065.653503
123;1184.812999 -1036.7145
124;1186.164999 -1018.8825
125;699.8029947 -975.8562997
126;1028.507 -1084.153998
127;1048.054701 -1094.015098
128;1026.965299 -1082.030499
129;1019.809499 -1082.495898
130;1024.7546 -1084.183002
131;1022.689299 -1083.426702
132;1040.8407 -1074.525601
133;1031.8813 -1074.292898
134;1058.696401 -1060.876602
135;1025.190899 -1087.382799
136;1022.078399 -1097.069401
137;1043.284199 -1103.788996
138;1043.575099 -1105.010998
139;1015.3589 -1073.158401
140;1010.632 -1080.154198
141;1008.55211 -1076.620001
142;1016.493399 -1074.525601
143;997.3238301 -1075.8636
144;1004.13061 -1082.1468
145;999.214602 -1085.841101
146;1015.3589 -1074.2347
147;1012.2464 -1076.009101
148;1010.3265 -1079.528803
149;1012.8573 -1083.9212
150;1016.1443 -1072.5766
151;1009.97747 -1078.830701
152;997.38201 -1081.157798
153;993.9786099 -1083.368599
154;1025.045499 -1081.419599
155;1006.92314 -1076.067299
156;997.2074701 -1082.2923
157;1005.49779 -1082.030499
158;1012.5955 -1076.212698
159;999.214602 -1080.837798
160;1000.523599 -1081.303298
161;1011.4523 -1080.701101
162;1013.322701 -1084.706599
163;1000.000485 -1075.3667
164;1010.3556 -1075.252801
165;1002.41437 -1076.125401
166;1023.4165 -1091.600698
167;1015.329801 -1092.5897
168;1012.4791 -1088.779098
169;1024.0274 -1089.244503
170;1011.781 -1089.506298
171;1019.1404 -1088.982701
172;1017.4242 -1093.607801
173;1016.929699 -1091.5425
174;1021.6712 -1089.709902
175;1020.5658 -1084.3867
176;1019.3441 -1086.393797
177;1012.4209 -1085.899299
178;1016.057 -1084.9684
179;1042.149699 -1062.017399
180;1045.378599 -1067.486101
181;1043.953201 -1061.668301
182;1038.368201 -1064.751703
183;1047.531101 -1061.959201
184;1042.4988 -1071.500301
185;1035.9247 -1066.6134
186;1047.6475 -1064.3736
187;1044.244099 -1065.333498
188;1046.3967 -1069.231403
189;1044.3023 -1064.751703
190;1037.9318 -1066.7588
191;1036.2432 -1067.939401
192;1049.072799 -1063.500899
193;1046.949399 -1065.798903
194;1041.015199 -1068.3878
195;1044.476801 -1063.529998
196;1033.568501 -1082.786798
197;1089.564502 -1062.279201
198;985.1937994 -1090.466201
199;1060.882902 -1055.821401
200;1019.722199 -1077.725297
201;1024.9291 -1071.354902
202;1021.613 -1079.2961
203;1244.899011 -1062.4246
204;1062.802798 -1055.792397
205;1061.930102 -1059.050298
206;1042.004299 -1099.425602
207;1037.466401 -1073.274702
208;970.5038995 -1056.955898
209;971.4639008 -1057.712197
210;1025.278199 -1062.599099
211;1009.39569 -1089.797199
212;1011.4901 -1092.735201
213;1010.0938 -1088.866299
214;1007.73763 -1090.6699
215;986.1246005 -1064.606303
216;984.0592995 -1067.6606
217;984.8738 -1071.868801
218;1045.528901 -1077.671999
219;1065.304399 -1097.685099
220;1052.447098 -1104.631996
221;995.7239401 -1064.286298
222;976.2634993 -1050.527298
223;975.7398993 -1049.770999
224;1002.35619 -1067.835099
225;1006.98132 -1069.813198
226;1001.94895 -1071.820301
227;1020.8858 -1100.734997
228;1024.5801 -1100.821996
229;1023.3292 -1096.952999
230;1031.279701 -1104.112995
231;1016.671801 -1082.875001
232;1013.09 -1081.884998
233;1063.239098 -1058.439398
234;1017.860501 -1064.315403
235;1057.0427 -1069.7249
236;1050.294602 -1071.500301
237;1047.419599 -1066.816998
238;1061.057401 -1084.561199
239;1053.1744 -1087.9646
240;1053.436202 -1081.157798
241;996.9456701 -1091.5425
242;995.2585202 -1089.680803
243;994.1531502 -1097.651201
244;992.5823502 -1097.5348
245;996.16028 -1085.899299
246;999.360046 -1090.524399
247;997.03294 -1096.0513
248;1035.779199 -1078.2489
249;1087.0628 -1070.4822
250;865.0279999 -1046.7457
251;864.7950053 -1043.720499
252;862.7009988 -1046.3094
253;869.9440002 -1042.004299
254;870.0600028 -1068.7078
255;866.1910057 -1068.358701
256;867.6749945 -1040.957099
257;876.0820031 -1073.9438
258;868.8680053 -1040.578899
259;858.7450027 -1061.464697
260;852.6069999 -1068.329602
261;857.1449995 -1072.2857
262;830.9649944 -1057.338899
263;855.1380038 -1074.001998
264;860.0829959 -1045.494899
265;871.4269996 -1036.622801
266;865.4350042 -1046.251199
267;863.1659985 -1047.589299
268;859.7339988 -1047.967499
269;860.7519984 -1062.948197
270;856.2139988 -1060.824698
271;873.1439948 -1072.8966
272;849.4070053 -1069.347799
273;857.5230002 -1053.087097
274;834.9210024 -1068.2715
275;837.3059988 -1078.365302
276;848.7089992 -1063.064599
277;842.8040028 -1052.2726
278;860.1989985 -1046.571201
279;829.9469948 -1065.7116
280;864.0390038 -1059.806597
281;1157.748997 -1041.480699
282;1154.345 -1039.5026
283;892.1390057 -1029.757899
284;896.1820006 -1022.8056
285;1054.105198 -1091.484302
286;1003.69428 -1086.3065
287;993.6877303 -1064.809901
288;998.0510499 -1066.293401
289;1007.7958 -1089.3318
290;1009.71567 -1088.371801
291;1005.00328 -1089.360899
292;887.1060014 -1056.490499
293;1051.167202 -994.2113198
294;862.4830008 -1038.440901
295;1015.969799 -1097.272998
296;1057.392198 -1042.0333
297;999.040069 -1082.845002
298;1006.30355 -1083.5518
299;1005.8294 -1088.808203
300;1007.73763 -1087.993699
301;992.2914602 -1084.561199
302;1002.96706 -1081.7105
303;997.44018 -1086.655599
304;1000.290888 -1086.161101
305;1016.4352 -1000.785398
306;970.9111989 -1023.300099
307;1014.457101 -1070.9185
308;1031.328699 -1070.947599
309;1060.504699 -1050.6145
310;986.0082999 -1022.0493
311;893.5349941 -1025.4527
312;983.3321005 -1053.028899
313;993.3095701 -1061.406499
314;880.8230042 -1021.1767
315;1004.85783 -1073.245698
316;1053.7561 -1064.431697
317;989.6734998 -1095.265901
318;1000.075631 -1089.651698
319;996.8002301 -1088.633603
320;872.3580003 -1071.8494
321;845.6110001 -1031.8959
322;1156.061995 -1047.8802
323;889.752996 -968.9330995
324;880.9689999 -971.2020993
325;955.2031994 -1065.8571
326;882.190001 -980.5978
327;884.8080039 -1032.201299
328;1032.026801 -1076.4745
329;1040.898901 -965.151599
330;915.2643025 -951.7125994
331;910.6682003 -947.5238025
332;924.5145023 -960.1482987
333;918.6385989 -958.9848012
334;887.9209995 -945.3420997
335;939.0462995 -985.8177006
336;932.7757001 -977.3397997
337;860.6060028 -996.21845
338;908.6610973 -1008.61029
339;910.8718991 -1000.116355
340;895.3089952 -994.5312999
341;848.5640049 -1036.797401
342;807.4609995 -1042.091501
343;827.0670056 -1033.9176
344;932.7466011 -993.4259303
345;899.3530035 -955.9013009
346;938.5644019 -989.8189001
347;919.511199 -959.5373988
348;786.6919994 -1065.828001
349;858.0170035 -1049.800101
350;902.0289004 -939.2916024
351;883.1069946 -1018.515
352;892.6040053 -1028.3907
353;887.3389959 -1032.201299
354;890.3349996 -1031.183201
355;887.4259949 -1032.288599
356;886.9320035 -1030.9214
357;886.6119981 -1031.997699
358;1043.138701 -1073.827398
359;1048.564801 -1075.454903
360;1005.52688 -1079.907
361;1013.2936 -1090.6699
362;1069.696802 -1075.834602
363;1038.63 -1114.406002
364;1167.783999 -1029.413599
365;1016.9588 -1007.01041
366;1020.1125 -1006.69091
367;1023.3292 -1016.289701
368;1017.4242 -1005.00328
369;1024.870899 -1018.238699
370;1023.6783 -1012.8282
371;1026.238099 -1021.1767
372;1032.085001 -1015.969799
373;1026.616299 -992.5823502
374;1004.1597 -1011.0828
375;1017.1042 -1003.31613
376;999.709112 -1009.77384
377;969.4566995 -1025.743601
378;1026.703501 -992.4950801
379;861.0139966 -1076.246601
380;785.0049973 -1085.841101
381;904.7631979 -1085.4339
382;871.2769985 -1079.354298
383;856.2139988 -1040.171701
384;844.4620013 -1023.910999
385;1008.87209 -1082.495898
386;875.2959967 -1081.594098
387;801.0030031 -1089.186299
388;894.5530057 -1093.055099
389;887.1060014 -1080.488801
390;830.2960038 -1087.091899
391;999.27278 -1075.572801
392;907.8175008 -1083.194
393;1001.25082 -1082.786798
394;889.143002 -1078.336197
395;867.9370046 -1079.092503
396;801.3759971 -1093.677598
397;901.9707024 -1081.884998
398;889.8120046 -1080.779701
399;892.0220017 -1082.757699
400;897.7820039 -1084.735698
401;895.1930046 -1080.576003
402;880.3580046 -1111.265004
403;892.632997 -1018.587799
404;996.16028 -1099.832797
405;994.1531502 -1089.709902
406;994.03679 -1088.546401
407;829.4810057 -1052.8835
408;816.9440031 -1069.405901
409;857.1159959 -1046.3967
410;846.5860009 -1074.961901
411;868.6929941 -1069.609499
412;804.4649959 -1058.352202
413;860.4030013 -1070.569497
414;862.7589941 -1062.4246
415;795.4770088 -1057.130402
416;787.2100115 -1065.192902
417;786.5459919 -1082.815897
418;842.5999999 -1067.398798
419;855.9520006 -1048.811001
420;864.823997 -1067.980599
421;959.9447012 -1029.234299
422;972.1552014 -1031.5725
423;958.979401 -1026.049501
424;857.9879999 -1033.655801
425;1036.012 -1010.2102
426;1039.7935 -1008.34849
427;1027.5471 -1007.35947
428;1039.3572 -1018.325999
429;1027.285299 -1010.4138
430;1038.368201 -1011.4028
431;1027.750701 -1008.61029
432;1036.041 -1014.6608
433;1012.537301 -1016.057
434;1033.248499 -1001.42535
435;1036.390099 -1024.172799
436;1067.689699 -1015.707999
437;1014.8644 -1021.031199
438;1056.839597 -1027.227101
439;876.6049981 -941.4442003
440;904.9668014 -955.1741004
441;1190.007997 -1059.777498
442;1212.116003 -1052.069002
443;1192.247999 -1043.953201
444;1186.778998 -1046.542099
445;1220.930004 -1080.314201
446;1204.145002 -1064.140898
447;1179.303002 -1043.6041
448;1202.691007 -1042.4988
449;1202.109003 -1049.974599
450;1207.345009 -1055.996001
451;1188.496006 -1039.764401
452;1209.992003 -1063.006401
453;1191.084003 -1031.561401
454;1203.650999 -1040.811601
455;1215.547991 -1072.983801
456;1198.821998 -1039.3572
457;1199.782002 -1066.409802
458;1196.379006 -1066.1771
459;1204.610991 -1068.300599
460;1206.471992 -1051.894498
461;1153.123999 -1076.678097
462;1212.348008 -1048.869199
463;1199.548995 -1053.232503
464;1206.15201 -1042.702401
465;1211.767006 -1065.537101
466;1192.800999 -1037.117299
467;1197.803998 -1038.426301
468;1242.804003 -1066.235203
469;1223.11101 -1045.960301
470;1220.772004 -1058.4768
471;1222.652006 -1063.939297
472;1226.020002 -1074.438298
473;1181.689 -1053.436202
474;1185.878003 -1051.632702
475;1192.043996 -1034.8775
476;865.2609944 -1012.2755
477;868.0819988 -1010.8792
478;867.9370046 -1007.88307
479;869.4779992 -1018.995
480;866.5109992 -1005.87594
481;868.1990027 -1018.238699
482;873.4050035 -1013.8172
483;868.8390017 -1007.70854
484;867.9370046 -1008.87209
485;867.5879955 -1015.3007
486;868.6059952 -1005.11963
487;865.1729941 -1002.55982
488;867.790997 -1008.37758
489;870.4669952 -1019.4362
490;872.3289967 -1012.3918
491;857.4069977 -1021.9621
492;872.8530049 -1008.5812
493;1079.034299 -977.6598006
494;1076.387203 -978.5614997
495;1075.456399 -979.5796007
496;1082.951599 -966.9647992
497;1080.925101 -972.6565003
498;1096.924001 -963.5517001
499;1028.012499 -1002.67617
500;1020.7403 -991.5933304
501;1032.317701 -1005.32325
502;1031.5323 -1002.82162
503;1023.162 -997.31753
504;721.0959911 -962.9990011
505;853.2179952 -1017.336901
506;850.8909941 -1018.5587
507;841.989994 -1025.423601
508;846.3819981 -1027.052599
509;849.5820045 -1021.1767
510;861.1879945 -1015.6498
511;1028.041601 -1079.819697
512;1028.448901 -1075.980002
513;996.24754 -1082.583201
514;1024.2892 -1078.336197
515;1025.4673 -1079.121602
516;1026.8024 -1076.9651
517;858.1050038 -1040.375301
518;867.5879955 -1034.848401
519;866.9479966 -1035.779199
520;868.8230038 -1035.054499
521;1058.439398 -1061.348301
522;1056.577802 -1060.6502
523;1023.5038 -1103.613997
524;997.70198 -1092.211598
525;997.12021 -1094.015098
526;1002.18166 -1091.658902
527;1029.146999 -1085.782897
528;1031.852299 -1087.0628
529;998.66191 -1083.892202
530;1028.0707 -1102.304995
531;976.2344003 -1016.697
532;1003.78155 -1023.5329
533;1004.56694 -1016.3188
534;1014.5735 -1097.709399
535;1001.0472 -1077.114499
536;1018.0351 -1096.691197
537;1017.046 -1095.905799
538;1025.743601 -1096.109498
539;987.3172998 -1108.326995
540;1015.9116 -1098.262
541;1035.4884 -1118.361998
542;1014.806201 -1096.865797
543;832.8539968 -1085.343701
544;893.0109978 -1027.1108
545;879.7469974 -1032.143101
546;876.6630054 -1034.5575
547;880.6489944 -1032.4049
548;878.0009985 -1032.230401
549;882.8299999 -1031.8232
550;876.6049981 -1034.004799
551;860.5190039 -1057.1886
552;863.0210042 -999.767289
553;1059.108502 -1047.473001
554;1057.0723 -1044.8259
555;1059.835702 -1048.6074
556;1067.922401 -1026.703501
557;1002.06531 -1080.0524
558;1060.8841 -1051.629698
559;1074.176502 -1031.794101
560;1059.253901 -1049.7419
561;845.8870053 -1030.6014
562;848.447001 -1027.488899
563;849.0139961 -1028.797901
564;825.8159995 -1029.292399
565;848.2730031 -1035.808301
566;1015.329801 -1006.54498
567;1023.8819 -1007.99943
568;1015.2716 -998.74918
569;1056.839597 -954.7668993
570;1014.544401 -1008.69756
571;1005.93412 -1011.2574
572;1012.3627 -1008.23214
573;1012.9445 -1002.90888
574;1000.145444 -1086.452001
575;1036.797401 -1112.805998
576;1046.629399 -1101.898003
577;1042.906001 -1114.813995
578;1045.087701 -1116.181004
579;1040.869799 -1119.292998
580;1047.851101 -1119.729996
581;1051.719898 -1109.373999
582;1044.913101 -1108.617997
583;1048.3165 -1112.196004
584;1043.4587 -1118.101001
585;1040.4044 -1111.409998
586;1048.520201 -1109.985006
587;1051.196301 -1115.134001
588;1049.131 -1106.552005
589;1034.7321 -1104.922998
590;1047.501999 -1107.686996
591;1044.273201 -1113.329995
592;1038.048199 -1107.280004
593;1050.440001 -1108.064997
594;1039.848799 -1109.421003
595;1041.422501 -1107.280004
596;1038.862699 -1105.622005
597;1037.990001 -1110.043001
598;1048.752901 -1108.734
599;1128.877997 -1027.052599
600;989.0917003 -1093.258798
601;1026.2963 -1065.391701
602;1009.1048 -1105.243003
603;1035.4011 -1111.352003
604;1050.236398 -1064.0827
605;879.8920035 -1078.190702
606;1065.1299 -1078.365302
607;1010.7629 -1062.046498
608;1008.87209 -1064.140898
609;1010.0066 -1060.737503
610;1016.5806 -1042.673299
611;1006.66134 -1056.519598
612;1003.31613 -1083.630401
613;1007.09767 -1086.073798
614;1002.82162 -1088.168198
615;1008.66847 -1078.394401
616;1002.58891 -1077.3763
617;1002.18166 -1083.7758
618;1005.93412 -1080.576003
619;1000.901753 -1078.2489
620;1003.98905 -1076.019299
621;1008.93027 -1082.088703
622;1007.70854 -1076.532698
623;992.72779 -1083.717602
624;996.9747599 -1083.892202
625;1004.39241 -1077.434403
626;1002.06531 -1086.1902
627;1007.85398 -1079.412502
628;1007.03949 -1080.983299
629;1007.08022 -1084.415799
630;1001.25082 -1078.8598
631;916.3406014 -972.3365009
632;1010.5932 -1084.357601
633;1002.00713 -1085.550201
634;1052.2726 -1054.425198
635;1005.00328 -1074.583697
636;995.11308 -1084.677601
637;1009.30842 -1080.692399
638;995.8402999 -1081.536001
639;1010.1549 -1076.704299
640;1004.04335 -1075.4273
641;1011.9497 -1083.010799
642;995.1712601 -1083.164901
643;1003.75246 -1076.678097
644;1004.10152 -1087.161702
645;1008.49684 -1081.652898
646;993.9204399 -1085.084802
647;1003.66519 -1085.084802
648;1000.349066 -1079.703403
649;1007.65036 -1077.870798
650;1004.21788 -1078.350699
651;1002.55982 -1078.801602
652;1003.6361 -1085.608399
653;1011.5774 -1077.478099
654;1010.5156 -1077.594399
655;1006.57407 -1078.685302
656;1012.2464 -1083.164901
657;1005.67232 -1075.660002
658;993.3386602 -1084.823
659;991.0435498 -1084.700799
660;1006.21046 -1087.955898
661;1003.40339 -1088.953602
662;1001.87623 -1077.949297
663;1011.6355 -1079.412502
664;996.3638999 -1084.793901
665;997.58563 -1081.506902
666;1011.5483 -1080.0524
667;1011.461 -1079.267001
668;998.45829 -1082.1468
669;999.854403 -1082.476503
670;999.418224 -1079.761499
671;1010.1035 -1075.495201
672;1007.01041 -1080.314201
673;1004.53786 -1080.896002
674;1012.3046 -1076.125401
675;998.28861 -1080.094099
676;1009.21825 -1075.828701
677;998.3128499 -1079.645199
678;734.2740059 -971.3183999
679;1075.340003 -1020.158599
680;1018.995 -1084.444797
681;1018.325999 -1091.048002
682;1013.0318 -1089.913499
683;1012.2173 -1089.739001
684;1016.6097 -1083.194
685;1012.6536 -1087.179202
686;1020.7985 -1087.819201
687;1014.698599 -1085.605502
688;1016.377001 -1089.709902
689;1017.715099 -1094.916803
690;1019.6931 -1083.9212
691;1015.2716 -1090.262598
692;1040.1135 -1063.093698
693;892.2549963 -1021.031199
694;1037.4955 -1082.845002
695;1134.596002 -1049.8631
696;802.4580002 -1060.3302
697;983.4194005 -1090.873498
698;984.4374999 -1091.978902
699;1060.999298 -1051.574498
700;1023.561899 -1076.1545
701;1029.292399 -1071.791202
702;1015.7952 -1068.504202
703;1013.294999 -1077.728701
704;1017.9478 -1074.641901
705;1019.547699 -1076.445401
706;1027.1108 -1072.2857
707;1021.0603 -1077.143598
708;1015.4171 -1077.5217
709;1019.315 -1074.612802
710;1028.332499 -1067.893302
711;1016.5806 -1071.325803
712;1023.300099 -1066.526097
713;1018.0351 -1078.190702
714;1018.151399 -1076.241797
715;1013.3809 -1078.627098
716;1016.9006 -1069.667703
717;1021.0894 -1079.732502
718;1069.085902 -992.9605097
719;1064.460802 -997.70198
720;1083.3395 -1051.487201
721;1010.821 -1086.597401
722;1128.252995 -1007.33038
723;1000.174533 -1028.361601
724;977.2235006 -1035.779199
725;970.2722013 -1036.534101
726;1050.556397 -1082.088703
727;1012.9445 -1076.3291
728;986.9100004 -1058.613998
729;992.3205502 -1055.763298
730;1015.7952 -1054.2216
731;991.3024403 -1059.399402
732;985.9791994 -1055.181497
733;994.9094601 -1061.435598
734;987.9280999 -1053.959799
735;996.9456701 -1060.533798
736;1148.964 -1048.374701
737;1012.0137 -1091.2516
738;1029.1179 -1119.554996
739;1009.25025 -1103.701997
740;1014.1372 -1101.577997
741;1043.6041 -1122.259998
742;1019.3441 -1105.069005
743;1102.160001 -1041.247901
744;1127.584004 -1058.672202
745;1117.210996 -1043.468401
746;1129.851997 -1055.036098
747;1033.3067 -1088.11
748;1034.8775 -1087.615502
749;1029.379699 -1091.484302
750;1090.000802 -1044.098699
751;1037.0882 -1080.576003
752;1049.916399 -1077.056301
753;1130.091 -1108.606005
754;1087.557399 -1045.844001
755;1076.4745 -1045.902199
756;1069.3187 -1042.818701
757;970.7657009 -1021.642099
758;1030.0488 -1084.066701
759;1032.0559 -940.8042014
760;985.3682995 -1075.689101
761;988.9073998 -1063.913798
762;999.164666 -1068.923497
763;1022.3984 -1098.232901
764;1022.3693 -1098.931098
765;1024.5801 -1097.592998
766;1015.6498 -1080.314201
767;1012.8282 -1080.692399
768;1064.984399 -1063.151801
769;1065.886199 -993.4550203
770;1018.8205 -1059.137601
771;1018.762299 -1062.395501
772;1048.288399 -1064.812303
773;1065.886199 -1083.9212
774;996.1311899 -1086.742902
775;1002.70817 -1083.8893
776;998.52617 -1089.588702
777;996.9456701 -1090.379
778;1000.319977 -1091.1062
779;996.1020999 -1082.466799
780;997.4110899 -1091.397101
781;998.64446 -1089.616799
782;990.6624898 -1063.093698
783;995.4621401 -1086.277401
784;998.83645 -1094.102299
785;992.9314204 -1100.415003
786;994.9967202 -1093.084198
787;1002.35619 -1089.651698
788;991.1569998 -1087.9646
789;999.330957 -1089.971697
790;997.96378 -1092.444301
791;997.7572501 -1090.323102
792;999.50549 -1088.7209
793;997.64381 -1088.924497
794;997.73107 -1095.265901
795;848.5929966 -1058.584899
796;836.5499973 -1072.489297
797;997.3529199 -1021.554799
798;1048.025599 -979.7832996
799;1049.450999 -973.0928004
800;915.4388011 -997.52745
801;905.6940019 -1006.39954
802;909.0102017 -1007.534
803;905.6940019 -1009.57022
804;907.1484983 -1006.31227
805;909.5919013 -1006.80678
806;809.1189981 -952.6724994
807;744.8040009 -974.7799993
808;745.065999 -974.8091012
809;742.2729969 -973.8781989
810;746.6799974 -973.0347008
811;748.6730099 -974.8091012
812;746.055007 -969.6022004
813;745.8509922 -971.4929998
814;754.2289972 -968.235001
815;749.2539883 -971.0566014
816;746.3449955 -973.6746013
817;744.0180063 -973.2091993
818;743.9599991 -972.5111008
819;735.145998 -971.3183999
820;736.3970041 -970.8820999
821;738.4919882 -969.4566995
822;735.6699944 -970.8238989
823;755.6540012 -972.0746994
824;757.3990107 -973.8200992
825;740.5280113 -974.0236998
826;752.8899908 -975.2745003
827;752.1630049 -973.8200992
828;757.3990107 -966.6884989
829;762.6349926 -968.3513999
830;764.2060041 -966.8386996
831;751.8140078 -972.3888993
832;759.085989 -968.4967995
833;758.2720041 -963.668099
834;757.6900005 -967.5660014
835;757.3990107 -982.9830006
836;755.3630114 -984.6701995
837;756.4389944 -984.4083995
838;755.5670023 -983.6812004
839;745.4730034 -973.8200992
840;739.015007 -970.1840013
841;735.8740091 -960.8464003
842;739.1309977 -959.1883987
843;843.501997 -1036.5356
844;729.3869972 -1034.412101
845;1045.233101 -956.8031013
846;1019.2277 -1001.16355
847;1020.0422 -1003.6361
848;1018.8205 -997.9056001
849;1019.198599 -995.0839899
850;1017.860501 -998.74918
851;1022.1948 -998.54556
852;1022.4566 -1000.98902
853;1018.6459 -993.9786099
854;1020.7403 -996.6838699
855;1024.347299 -1001.68715
856;1020.1876 -1001.36717
857;1019.198599 -996.0730098
858;1018.995 -996.8293201
859;1024.0565 -998.77827
860;1020.2167 -1002.73435
861;1021.1767 -1003.75246
862;1016.1734 -997.2074701
863;972.6855993 -1020.7403
864;1078.103501 -1072.867501
865;857.6670051 -1037.729701
866;1013.7299 -1084.357601
867;1014.436799 -1085.186601
868;1014.806201 -1086.364698
869;1015.1262 -1087.2109
870;1018.7041 -1093.898702
871;1020.9381 -1094.540101
872;960.5556011 -1111.671996
873;1011.3539 -1089.416099
874;1012.9416 -1086.059302
875;1021.991099 -1076.823598
876;864.0100002 -1032.288599
877;1099.861902 -1087.702799
878;1134.449005 -1075.660002
879;1127.699995 -1086.975598
880;1130.172002 -1074.787402
881;1036.7392 -1097.592998
882;1013.738699 -1083.8893
883;1015.0409 -1092.738599
884;1032.463101 -1094.945902
885;1023.242 -1093.5467
886;1146.170998 -1093.142402
887;1107.337999 -1096.516699
888;1075.049198 -1077.3763
889;1127.933002 -1095.934898
890;1096.196699 -1090.379
891;1087.557399 -1046.629399
892;988.1026998 -1067.864197
893;1016.251899 -1089.244503
894;969.0203995 -1050.061899
895;1014.527 -1087.342101
896;1013.1772 -1086.3065
897;1019.897 -1093.609899
898;996.8584102 -1075.660002
899;1014.631701 -1090.582597
900;1014.5735 -1095.847702
901;1119.554996 -1067.195201
902;1172.729003 -1032.812199
903;1061.580998 -1064.548099
904;1061.959201 -1067.544198
905;1101.898003 -1066.235203
906;1059.428501 -1078.510702
907;1096.691197 -1044.244099
908;1036.7392 -1074.292898
909;1036.5356 -1065.886199
910;1039.8662 -1068.649602
911;905.5486023 -945.2257991
912;1017.191499 -1099.658298
913;1017.8314 -1098.000199
914;1045.291299 -1071.296698
915;1045.890501 -1063.980901
916;1046.2872 -1065.909499
917;1037.146401 -1070.656699
918;1038.1064 -1070.307702
919;1046.774799 -1064.897197
920;1044.0696 -1069.667703
921;1042.818701 -1064.0827
922;1043.865901 -1064.693499
923;1045.7194 -1062.3083
924;1042.8478 -1067.864197
925;1043.546 -1065.316498
926;1046.978399 -1061.821997
927;1051.603597 -1063.064599
928;964.5698011 -1114.610004
929;1019.7513 -1081.070501
930;1035.0229 -1056.054199
931;1029.699701 -1095.062298
932;1070.744002 -1112.689996
933;1035.779199 -1095.498598
934;1085.521102 -1097.3894
935;1069.289601 -1082.6123
936;1037.000999 -1084.852099
937;1014.922599 -1082.815897
938;881.4339995 -1093.5206
939;889.9860024 -1031.852299
940;889.8409963 -1031.503201
941;892.2260046 -1028.216201
942;893.5060024 -1028.507
943;892.5169945 -1027.692601
944;893.069005 -1026.8199
945;893.0400014 -1028.361601
946;873.8129973 -1032.433999
947;889.4619942 -1030.6887
948;890.102005 -1030.543301
949;888.5900021 -1019.1404
950;898.3639956 -1011.8101
951;1245.567989 -1071.0931
952;879.6300054 -1021.292999
953;847.7779984 -1024.521901
954;1190.385997 -1037.4955
955;1218.747997 -1076.648998
956;1197.221994 -1049.160099
957;1212.144995 -1068.009698
958;1192.830002 -1050.847298
959;1208.189011 -1045.5531
960;1209.933996 -1052.8835
961;1204.69799 -1055.763298
962;1197.949004 -1060.6502
963;1245.771003 -1072.8966
964;1231.111002 -1059.981102
965;1247.254992 -1074.700099
966;1216.246009 -1018.0351
967;1219.242001 -1012.4791
968;1188.815999 -1027.9834
969;1140.120995 -1022.8347
970;1134.245002 -1014.7771
971;1136.281002 -1017.1624
972;1213.336992 -968.671301
973;1215.839005 -982.2558001
974;1196.728003 -987.4044999
975;1187.758005 -987.9557997
976;1175.144005 -998.34194
977;1172.235 -1006.22501
978;1193.295002 -986.9100004
979;1099.425602 -1052.825302
980;1104.088998 -1063.248801
981;1086.568302 -1065.158999
982;1092.822403 -1063.9081
983;1091.8625 -1051.545399
984;1080.721498 -1066.555202
985;1078.685302 -1065.682602
986;1077.667201 -1058.090401
987;984.6202999 -1094.095498
988;987.6276001 -1091.101301
989;1008.34413 -1092.3706
990;1010.6557 -1109.192002
991;1058.2358 -1120.369995
992;994.7058301 -1093.840498
993;991.3315304 -1090.437102
994;998.3099399 -1089.488798
995;858.1920028 -1050.236398
996;1060.184801 -1054.105198
997;1061.173803 -1057.246798
998;997.13475 -1074.641901
999;993.3386602 -1075.805497
1000;1121.068001 -1072.023898
1001;1024.0274 -1079.703403
1002;1019.0823 -1079.354298
1003;1021.8457 -1075.223702
1004;1024.8128 -1074.118298
1005;1020.1004 -1079.528803
1006;1014.1663 -1076.852697
1007;1029.815999 -1068.067801
1008;1021.8748 -1066.148001
1009;1027.314401 -1066.438901
1010;1020.8858 -1064.257199
1011;1046.9203 -1081.332302
1012;1019.634999 -1075.485498
1013;1056.635898 -1000.087267
1014;990.1970699 -1016.4352
1015;988.3644998 -1008.26123
1016;990.6333998 -1012.0428
1017;865.9880042 -1031.2996
1018;1238.091993 -1063.500899
1019;1231.605005 -1059.021199
1020;1233.757997 -1060.359299
1021;1245.946002 -1066.555202
1022;1233.990002 -1059.835702
1023;1239.516997 -1064.053601
1024;1227.882004 -1055.065101
1025;1251.676011 -1075.1073
1026;1229.424 -1055.617797
1027;1226.776004 -1057.479501
1028;1249.872994 -1074.845499
1029;1229.744005 -1058.032203
1030;1245.102 -1064.974701
1031;1231.546998 -1061.8137
1032;1233.320999 -1058.5558
1033;1228.231001 -1057.246798
1034;1246.294999 -1069.347799
1035;1234.165001 -1062.017399
1036;1232.680988 -1061.871898
1037;1230.100989 -1060.5717
1038;1221.337008 -1061.290097
1039;1243.981004 -1067.735302
1040;1229.234004 -1059.283
1041;1210.167003 -1039.415401
1042;1212.056994 -1043.720499
1043;1216.101003 -997.9346899
1044;786.0229969 -1079.557902
1045;1254.29399 -1026.4126
1046;1110.915995 -1092.851502
1047;1124.704003 -1089.360899
1048;1089.971697 -1089.273602
1049;1060.621101 -999.854556
1050;1182.998002 -1020.158599
1051;1181.193995 -1023.4165
1052;1244.461989 -1069.289601
1053;1248.724008 -1075.921798
1054;1224.856997 -1062.511897
1055;1219.475007 -1068.0969
1056;1220.988011 -1062.657303
1057;1220.584989 -1060.669601
1058;1225.874996 -1062.802798
1059;1225.699997 -1062.075502
1060;1222.994995 -1060.621101
1061;1225.06001 -1065.886199
1062;1223.228002 -1065.449798
1063;1224.448991 -1066.671598
1064;1224.022007 -1063.922697
1065;1198.239994 -1038.804501
1066;1174.241996 -1011.1119
1067;1236.347008 -1085.230201
1068;1162.141001 -1097.8257
1069;1144.861996 -1096.0513
1070;1276.896 -1092.531502
1071;990.22616 -1096.720302
1072;1179.013002 -1031.386799
1073;1036.826399 -1098.640198
1074;981.9358006 -1010.9132
1075;1025.190899 -1047.152999
1076;1023.0093 -1057.421303
1077;1044.1277 -1095.353198
1078;1041.742501 -1095.818597
1079;1028.419799 -1098.931098
1080;1036.2156 -1071.878499
1081;1084.328502 -976.7580003
1082;1084.590298 -976.1763006
1083;1083.368599 -974.4599998
1084;1086.044699 -978.4452006
1085;1086.219299 -968.3804989
1086;1084.5321 -968.9330995
1087;1077.870798 -967.3622996
1088;1083.688498 -973.9654988
1089;1082.204998 -962.5627011
1090;1085.172099 -965.3842986
1091;1083.804899 -961.3990992
1092;1086.859202 -971.7837989
1093;1079.325199 -965.8787996
1094;1078.394401 -968.8459009
1095;1076.736301 -969.4858015
1096;1083.077699 -970.7947999
1097;1085.230201 -966.3441986
1098;1082.1468 -966.6933
1099;1077.638102 -970.7657009
1100;1083.4849 -960.2064997
1101;1083.249301 -971.9467014
1102;1085.230201 -972.3655999
1103;1083.194 -972.8601009
1104;1087.571901 -975.0819996
1105;1080.372399 -967.2751009
1106;1076.852697 -968.4967995
1107;1077.347201 -962.6208991
1108;1075.689101 -962.0391011
1109;1077.347201 -964.5989001
1110;1079.1798 -971.9002008
1111;1086.946499 -970.1840013
1112;1086.713803 -973.0637997
1113;1087.266499 -976.6708001
1114;1076.3291 -959.1883987
1115;1060.912001 -965.4424995
1116;1096.807599 -991.8551303
1117;1021.540301 -1080.866897
1118;1201.149011 -1009.25025
1119;1181.078005 -1002.53073
1120;1174.997997 -1009.25025
1121;1175.318003 -1012.2464
1122;992.6696204 -1025.307301
1123;980.0450996 -1025.190899
1124;983.2738996 -1026.592001
1125;993.7168099 -1028.536099
1126;994.7349198 -1029.2052
1127;981.5577 -1026.4126
1128;1298.742008 -1014.195301
1129;1292.778993 -1015.2716
1130;1299.091005 -1012.6536
1131;983.1576005 -1029.146999
1132;976.4090002 -1028.216201
1133;978.1834006 -1039.618999
1134;978.7070006 -1026.4999
1135;980.0450996 -1032.375899
1136;1068.416899 -987.9863001
1137;877.2740006 -967.711401
1138;816.2750006 -1036.099201
1139;874.3939996 -976.3798997
1140;819.6490049 -1036.070099
1141;821.1330056 -1036.643201
1142;817.9039955 -1033.364901
1143;824.9140024 -1044.796801
1144;808.5659981 -1040.2298
1145;817.3220038 -1041.8879
1146;832.0369959 -1027.520901
1147;822.7620006 -1030.776
1148;823.3729959 -1034.382999
1149;823.7509966 -1038.717201
1150;820.9579945 -1039.764401
1151;806.1810017 -1050.7891
1152;814.2680049 -1040.5498
1153;831.5760016 -1029.670599
1154;824.5069981 -1050.090998
1155;828.3159971 -1033.3969
1156;829.2199969 -1038.920799
1157;819.5330024 -1044.6513
1158;832.0989966 -1033.394
1159;837.7130032 -1031.415901
1160;826.3980031 -1048.054701
1161;805.629003 -1045.407599
1162;809.7880006 -1045.058599
1163;798.5019922 -1056.985003
1164;795.8260059 -1056.810498
1165;842.979002 -1061.202902
1166;828.1430006 -1051.545399
1167;794.4380045 -1058.954298
1168;1284.459996 -1009.27933
1169;1276.16899 -1012.2464
1170;1265.028 -1013.0318
1171;1241.030002 -1016.6097
1172;1186.343002 -1083.513999
1173;989.9644002 -1062.482798
1174;988.2189997 -1059.428501
1175;990.7206699 -1062.104601
1176;1029.845101 -960.6137007
1177;984.2338994 -1092.997003
1178;1007.56794 -1089.772999
1179;1285.651994 -965.5297011
1180;1287.412 -963.3480996
1181;1286.961007 -964.220801
1182;1292.254996 -960.5845988
1183;1291.877007 -963.7553006
1184;1291.121006 -960.8754992
1185;1288.416004 -963.697201
1186;1293.214989 -962.3591006
1187;1290.888 -964.220801
1188;1292.865992 -963.3480996
1189;1286.408997 -964.5989001
1190;1256.55899 -988.2394001
1191;1251.734996 -989.7606999
1192;1293.629003 -969.165799
1193;1305.08399 -927.8596997
1194;1294.49501 -921.4311004
1195;1307.643008 -933.415699
1196;1012.8573 -1032.7831
1197;1012.45 -1023.561899
1198;1009.19207 -1025.9763
1199;1015.6789 -1024.0565
1200;1022.8347 -1020.682199
1201;1018.1805 -1110.683
1202;1017.860501 -1103.322995
1203;1009.83202 -1102.770996
1204;1033.044899 -1121.619999
1205;1016.289701 -1106.611001
1206;1032.3468 -1120.515001
1207;1012.4791 -1109.490001
1208;1019.809499 -1109.229004
1209;1025.307301 -1110.275996
1210;1127.409005 -1055.006999
1211;1124.995005 -1059.399402
1212;1210.369992 -1031.7359
1213;865.9590006 -987.7884999
1214;1036.593699 -1091.048002
1215;1038.397199 -1087.324601
1216;1029.612401 -1089.244503
1217;1026.005399 -1093.5206
1218;1041.8006 -1086.946499
1219;923.2603014 -965.7334
1220;938.9716983 -987.5209004
1221;956.0759008 -1064.519
1222;1220.609999 -985.1937994
1223;952.7117997 -1067.6431
1224;985.2520004 -1072.5766
1225;988.2189997 -1072.983801
1226;945.7202971 -1069.289601
1227;945.6330001 -1068.882298
1228;950.0544995 -1067.253399
1229;950.5490005 -1067.137003
1230;951.1308014 -1068.184203
1231;950.7041007 -1067.4793
1232;985.1064995 -1064.809901
1233;986.4737004 -1072.082102
1234;1003.22886 -1068.038702
1235;865.7549977 -1067.718798
1236;866.8490052 -1064.466602
1237;873.8710046 -1037.990001
1238;1096.836698 -962.7662987
1239;1041.335201 -1081.652302
1240;1039.939001 -1083.252198
1241;1037.146401 -1079.848802
1242;1042.062399 -1079.907
1243;1038.2227 -1082.059598
1244;1063.966298 -1088.371801
1245;1098.174798 -1101.229
1246;1116.238999 -1116.209996
1247;1080.401498 -1090.000802
1248;1127.990997 -1106.871998
1249;1114.376998 -1099.745601
1250;1084.444797 -1094.858599
1251;1068.445998 -1090.175301
1252;1105.767 -1099.221998
1253;1077.667201 -1085.084802
1254;1067.980599 -1078.656203
1255;1076.794499 -1098.320198
1256;1087.5283 -1092.851502
1257;1097.622102 -1095.527703
1258;1249.088001 -1081.826901
1259;1229.801989 -1075.4273
1260;1263.050008 -1104.574001
1261;1052.592599 -996.5675201
1262;890.4809952 -1030.1651
1263;893.5349941 -1024.4637
1264;893.622005 -1023.998301
1265;901.592499 -1082.263201
1266;893.185997 -1022.922
1267;892.7790046 -1022.0202
1268;892.8949952 -1023.125599
1269;1011.7301 -1000.663225
1270;1081.506902 -1043.138701
1271;1058.9921 -1054.337901
1272;1051.943898 -1053.971398
1273;1072.867501 -1048.025599
1274;1132.562995 -1019.4313
1275;1136.978996 -1030.339599
1276;1090.117198 -1057.159501
1277;1070.744002 -1037.4955
1278;1082.204998 -1030.3978
1279;1063.926101 -1049.5179
1280;1073.681998 -1039.851701
1281;1071.5294 -1054.047
1282;1065.304399 -1054.686999
1283;1074.438298 -1034.8775
1284;1074.293298 -1029.554701
1285;1077.5217 -1030.717799
1286;1075.921798 -1051.749003
1287;1079.458499 -1048.684999
1288;1086.568302 -1044.215
1289;1067.425001 -1055.318201
1290;1078.830701 -1035.779199
1291;1066.409802 -1042.0333
1292;1070.162201 -1052.243501
1293;1080.488801 -1049.421901
1294;1064.140898 -1046.105799
1295;1078.5689 -1018.1805
1296;1053.116202 -1033.481199
1297;1097.302097 -1042.3242
1298;1078.888899 -1022.252899
1299;1075.019097 -1025.7388
1300;1085.332102 -1027.896199
1301;976.0016993 -1024.2892
1302;971.2893009 -1028.012499
1303;977.4707004 -1026.034501
1304;971.5802014 -1021.903899
1305;973.8781989 -1029.088801
1306;976.9617006 -1015.0389
1307;1135.438001 -1022.6311
1308;1204.029012 -997.7892499
1309;1218.021011 -1002.67617
1310;1202.632999 -985.0483
1311;1031.1396 -1084.939402
1312;1035.706499 -1085.521102
1313;1029.164499 -1075.587302
1314;1027.314401 -1081.2451
1315;1079.092503 -1003.51975
1316;1037.117299 -950.4036009
1317;1054.017901 -947.6983011
1318;1056.635898 -966.8969005
1319;1263.981009 -958.4612012
1320;989.4116998 -1064.140898
1321;991.7678602 -1072.693002
1322;995.3457899 -1074.787402
1323;998.22073 -1072.722101
1324;984.9610999 -1073.681998
1325;1027.515101 -1087.406099
1326;1065.464401 -1010.472
1327;990.1388898 -1071.500301
1328;1020.2216 -1087.179202
1329;1012.5082 -1088.604498
1330;976.9617006 -1047.385699
1331;1025.074601 -1117.402005
1332;994.85128 -1061.580998
1333;968.7876999 -1048.549199
1334;996.4162599 -1072.646397
1335;991.5351503 -1066.060698
1336;990.5781299 -1062.683499
1337;1029.5082 -1102.605999
1338;1026.5872 -1103.410995
1339;995.11308 -1095.876801
1340;995.4912301 -1089.884502
1341;996.21845 -1090.582597
1342;992.1460196 -1094.6841
1343;987.5209004 -1096.080399
1344;1001.62897 -1088.924497
1345;996.5209801 -1090.000802
1346;831.0230017 -1081.884998
1347;875.5869985 -1074.118298
1348;871.3690042 -1071.674901
1349;1043.4587 -1021.0603
1350;1064.9553 -1034.179401
1351;903.7159979 -1010.1811
1352;1032.026801 -1100.646996
1353;1030.194199 -1108.879006
1354;1026.645401 -1098.203897
1355;1039.7935 -1102.945006
1356;1039.2699 -1101.607001
1357;1022.9836 -1102.043998
1358;1029.0306 -1103.992999
1359;1025.86 -1099.251097
1360;1061.464697 -1055.617797
1361;1036.361 -1116.937006
1362;1033.659601 -1114.479005
1363;1027.052599 -1105.359995
1364;1028.710699 -1103.643
1365;1029.699701 -1105.622005
1366;1031.125 -1109.751999
1367;1027.081701 -1101.926994
1368;1033.1467 -1110.668004
1369;1023.6827 -1104.750001
1370;1026.325399 -1114.842999
1371;1029.8742 -1107.745004
1372;1027.6344 -1100.386
1373;1024.3764 -1102.014005
1374;1029.757899 -1106.989002
1375;1029.856801 -1113.592005
1376;1032.579499 -1112.748003
1377;1025.394499 -1106.465006
1378;1028.6816 -1099.949199
1379;1022.689299 -1104.952002
1380;1021.467599 -1101.695001
1381;1029.059699 -1112.776995
1382;1025.0164 -1108.269
1383;1017.1624 -1081.186903
1384;870.7870007 -1079.703403
1385;861.421001 -1076.1545
1386;1029.9566 -1081.482601
1387;1084.183002 -1052.9998
1388;1013.5001 -1082.664597
1389;1014.195301 -1059.195799
1390;986.6772994 -1094.916803
1391;710.1880074 -1115.628004
1392;1033.5976 -1073.9438
1393;1032.6958 -1074.001998
1394;1068.445998 -989.1498998
1395;1175.057006 -1025.54
1396;1002.0944 -1016.667899
1397;992.4659997 -1019.4895
1398;694.1309929 -962.9990011
1399;893.8199997 -1019.454101
1400;1015.4946 -1064.538401
1401;1018.6459 -1060.592002
1402;1069.422901 -1071.556097
1403;1068.649602 -1084.764802
1404;1097.738397 -1044.9422
1405;1251.676011 -963.6390001
1406;997.38201 -1093.142402
1407;1001.22173 -1090.005702
1408;997.99287 -1104.986
1409;992.8150602 -1087.993699
1410;992.9023303 -1090.059
1411;1058.817601 -975.6236002
1412;994.9385501 -1102.857995
1413;988.8299003 -1087.091899
1414;994.7349198 -1098.523802
1415;990.1097998 -1087.470102
1416;990.1097998 -1087.440997
1417;861.6240025 -1044.854999
1418;868.3089972 -1042.437699
1419;865.0570035 -1065.449798
1420;853.5380006 -1062.7446
1421;829.6270013 -1061.784703
1422;858.2790017 -1056.083202
1423;866.1620021 -1044.476801
1424;884.5460057 -969.6312994
1425;899.3530035 -966.8386996
1426;864.0969992 -1037.379101
1427;850.3669977 -1066.642499
1428;804.5809984 -1071.180302
1429;725.4019976 -1003.25795
1430;746.8689919 -1110.827994
1431;843.1239963 -1029.5252
1432;873.9869952 -1034.528399
1433;870.7290053 -1071.296698
1434;1246.760011 -1071.034902
1435;1077.754402 -965.675199
1436;821.5399981 -1038.164499
1437;867.0060039 -1064.402699
1438;790.967989 -1068.940502
1439;814.9950027 -1050.061899
1440;806.3560009 -1056.054199
1441;840.0699973 -1032.6377
1442;814.2390013 -1055.2688
1443;808.2759976 -1047.7929
1444;812.4060035 -1039.7062
1445;806.3850045 -1048.811001
1446;851.2979984 -1061.144698
1447;1126.768994 -1040.258899
1448;872.2129941 -993.4550203
1449;875.3250003 -1072.838402
1450;870.1179981 -1071.209401
1451;870.8170056 -1072.431201
1452;857.7270031 -1071.674901
1453;853.0429959 -1055.036098
1454;813.9479995 -1061.173803
1455;814.3260002 -1055.501503
1456;868.343997 -1070.947599
1457;822.5000024 -1061.493802
1458;813.4819984 -1068.445998
1459;840.9129977 -1053.290701
1460;848.8250017 -1068.300599
1461;862.5839949 -1074.932802
1462;858.4249973 -1059.253901
1463;817.2350049 -1067.747903
1464;855.3410053 -1069.813198
1465;853.0719995 -1069.376802
1466;853.8290024 -1074.991
1467;844.5490003 -1053.057998
1468;866.4819956 -1064.809901
1469;842.7749991 -1056.403202
1470;852.3450017 -1066.380697
1471;839.0220046 -1060.621101
1472;846.3529944 -1053.552502
1473;842.0189977 -1072.343898
1474;862.1770024 -1058.817601
1475;832.6230049 -1072.082102
1476;794.2840099 -1058.759397
1477;864.4459963 -1075.252801
1478;787.7389908 -1067.544198
1479;867.1509981 -1075.252801
1480;832.6519966 -1063.1809
1481;849.000001 -1053.1744
1482;829.3939948 -1045.727599
1483;822.2669959 -1058.759397
1484;821.626997 -1055.734199
1485;872.4159956 -1071.209401
1486;875.3250003 -1074.932802
1487;797.164011 -1076.0382
1488;794.8659897 -1083.135802
1489;855.922997 -1047.821999
1490;793.4400082 -1059.690303
1491;872.3289967 -1077.609003
1492;850.7159948 -1074.845499
1493;865.8419967 -1070.278603
1494;831.1390042 -1071.296698
1495;793.7890053 -1059.021199
1496;796.6690063 -1059.050298
1497;877.3030043 -1076.183599
1498;829.8300028 -1048.462
1499;858.5409999 -1050.9345
1500;813.3949995 -1069.173199
1501;784.9459887 -1076.998103
1502;791.0550117 -1064.169902
1503;828.550005 -1045.6985
1504;848.8839984 -1060.592002
1505;857.2900057 -1042.8478
1506;844.0840006 -1075.2819
1507;859.2679977 -1049.043801
1508;852.7809978 -1053.057998
1509;877.7109981 -1072.023898
1510;853.7410021 -1072.5766
1511;792.1020031 -1080.750602
1512;790.850997 -1060.097498
1513;887.0839953 -1017.6652
1514;878.9909959 -1017.5696
1515;887.9789948 -1018.238699
1516;874.9289989 -1018.640099
1517;881.2590003 -1017.715099
1518;692.5309896 -976.7871007
1519;689.0700102 -975.1291007
1520;1077.143598 -1026.848999
1521;1086.102903 -1025.569099
1522;1077.027202 -1023.8819
1523;1034.4993 -1005.70141
1524;1050.003701 -977.3107007